{
  "info": {
    "name": "UserProfileLogin API"
  },
  "item": [
    {
      "name": "Register",
      "request": {
        "method": "POST",
        "header": [
          {
            "key": "Content-Type",
            "value": "application/json"
          }
        ],
        "body": {
          "mode": "raw",
          "raw": "{ \"name\":\"Test\", \"email\":\"test@example.com\", \"password\":\"123456\" }"
        },
        "url": {
          "raw": "{{baseUrl}}/api/auth/register"
        }
      }
    },
    {
      "name": "Login",
      "request": {
        "method": "POST",
        "header": [
          {
            "key": "Content-Type",
            "value": "application/json"
          }
        ],
        "body": {
          "mode": "raw",
          "raw": "{ \"email\":\"test@example.com\", \"password\":\"123456\" }"
        },
        "url": {
          "raw": "{{baseUrl}}/api/auth/login"
        }
      }
    },
    {
      "name": "Get me (protected)",
      "request": {
        "method": "GET",
        "header": [
          {
            "key": "Authorization",
            "value": "Bearer {{token}}"
          }
        ],
        "url": {
          "raw": "{{baseUrl}}/api/users/me"
        }
      }
    },
    {
      "name": "Get all users",
      "request": {
        "method": "GET",
        "header": [
          {
            "key": "Authorization",
            "value": "Bearer {{token}}"
          }
        ],
        "url": {
          "raw": "{{baseUrl}}/api/users"
        }
      }
    }
  ],
  "variable": [
    {
      "key": "baseUrl",
      "value": "http://localhost:5000"
    }
  ]
}